名称,Property,人员,创建时间,动态,日期,标签,简介,网站负责人,负责人,链接
不凝不弃,,,"February 8, 2025 5:35 PM",2025.2.9  宴弃戳了戳晚晚,"February 6, 2024","bg, 现代",宴弃×萧晚凝,萧晚凝,"萧晚凝, 宴弃",
懿乘舟,,,"February 8, 2025 8:59 PM",%E8%B5%9B%E5%8D%9A%E5%BF%83%20194555443f0681569186daebc8003d4e/270F6E030FCA323446D8D210A777830E_1738081225395.jpeg,"October 1, 2023","bg, 现代",是的，喜欢舅舅确实是我的错（火热）,喜欢舅舅难道是我的错吗,,
百亿恋曲,,,"February 8, 2025 9:10 PM",,"February 8, 2025","bg, 现代",简懿♡赵北川,夜阙听雨,"夜阙听雨, 北岸风起",
裴裴和糖糖,,,"February 8, 2025 9:40 PM",,,现代,忙碌的生活，需要你的陪伴来点亮。,旭仔,旭仔,
墨影如兰,,,"February 15, 2025 10:08 PM",排版加载中,"December 21, 2024",现代,墨凛 x 岚,hoebe P,,
鹤翔九州,,,"February 8, 2025 5:35 PM",,,"bg, 古代",楚君翔×若愉鹤,萧晚凝,,
猫狐恋爱进行时,,,"February 8, 2025 5:35 PM",,,古代,宋明钰×明允,萧晚凝,,
瑾枝玉叶,,,"February 8, 2025 5:35 PM",,,古代,钰瑾×谢玉泽,萧晚凝,,
裴裴和糖糖,,,"February 8, 2025 5:35 PM",,"July 25, 2023",bl,终于好了（）,萧晚凝,旭仔,
,,,"February 8, 2025 5:35 PM",,,gl,,萧晚凝,,
,,,"February 8, 2025 8:09 PM",,,,,萧晚凝,,
,,,"February 8, 2025 8:09 PM",,,,,萧晚凝,,
,,,"February 8, 2025 9:09 PM",,,,,夜阙听雨,,